imagen,split
MUESTRA_002,train
MUESTRA_006,train
MUESTRA_028,train
MUESTRA_036,train
MUESTRA_042,train
MUESTRA_052,train
MUESTRA_058,train
MUESTRA_060,train
MUESTRA_075,train
MUESTRA_082,train
MUESTRA_087,train
MUESTRA_092,train
MUESTRA_094,train
MUESTRA_102,train
MUESTRA_105,train
MUESTRA_118,train
MUESTRA_133,train
MUESTRA_146,train
MUESTRA_157,val
MUESTRA_165,val
MUESTRA_178,val
MUESTRA_180,val
MUESTRA_181,val
MUESTRA_182,val
MUESTRA_183,val
MUESTRA_186,val
MUESTRA_194,test
MUESTRA_201,test
MUESTRA_204,test
MUESTRA_210,test
