ID_Imagen,Nombre_Original,Fecha_Agregado,Resolucion,Etiqueta_Inicial,Split
,Split,unknown
MUESTRA_001.jpg,078.bmp,2026-09-11 19:59,2048x1536,Sin Clasificar,unknown
,unknown,unknown
MUESTRA_002.jpg,063.bmp,2026-09-11 19:59,2048x1536,Sin Clasificar,unknown
,unknown,unknown
MUESTRA_003.jpg,042.bmp,2026-09-11 19:59,2048x1536,Sin Clasificar,unknown
,unknown,unknown
MUESTRA_004.jpg,035.bmp,2026-09-11 19:59,2048x1536,Sin Clasificar,unknown
,unknown,unknown
MUESTRA_005.jpg,046.bmp,2026-09-11 19:59,2048x1536,Sin Clasificar,unknown
,unknown,unknown
MUESTRA_006.jpg,009.bmp,2026-09-11 19:59,2048x1536,Sin Clasificar,unknown
,unknown,unknown
MUESTRA_007.jpg,067.bmp,2026-09-11 19:59,2048x1536,Sin Clasificar,unknown
,unknown,unknown
MUESTRA_008.jpg,050.bmp,2026-09-11 19:59,2048x1536,Sin Clasificar,unknown
,unknown,unknown
MUESTRA_009.jpg,095.bmp,2026-09-11 19:59,2048x1536,Sin Clasificar,unknown
,unknown,unknown
MUESTRA_010.jpg,076.bmp,2026-09-11 19:59,2048x1536,Sin Clasificar,unknown
,unknown,unknown
MUESTRA_011.jpg,005.bmp,2026-09-11 19:59,2048x1536,Sin Clasificar,unknown
,unknown,unknown
MUESTRA_012.jpg,080.bmp,2026-09-11 19:59,2048x1536,Sin Clasificar,unknown
,unknown,unknown
MUESTRA_013.jpg,003.bmp,2026-09-11 19:59,2048x1536,Sin Clasificar,unknown
,unknown,unknown
MUESTRA_014.jpg,069.bmp,2026-09-11 19:59,2048x1536,Sin Clasificar,unknown
,unknown,unknown
MUESTRA_015.jpg,024.bmp,2026-09-11 19:59,2048x1536,Sin Clasificar,unknown
,unknown,unknown
MUESTRA_016.jpg,098.bmp,2026-09-11 19:59,2048x1536,Sin Clasificar,unknown
,unknown,unknown
MUESTRA_017.jpg,077.bmp,2026-09-11 19:59,2048x1536,Sin Clasificar,unknown
,unknown,unknown
MUESTRA_018.jpg,016.bmp,2026-09-11 19:59,2048x1536,Sin Clasificar,unknown
,unknown,unknown
MUESTRA_019.jpg,070.bmp,2026-09-11 19:59,2048x1536,Sin Clasificar,unknown
,unknown,unknown
MUESTRA_020.jpg,004.bmp,2026-09-11 19:59,2048x1536,Sin Clasificar,unknown
,unknown,unknown
MUESTRA_021.jpg,012.bmp,2026-09-11 19:59,2048x1536,Sin Clasificar,unknown
,unknown,unknown
MUESTRA_022.jpg,049.bmp,2026-09-11 19:59,2048x1536,Sin Clasificar,unknown
,unknown,unknown
MUESTRA_023.jpg,074.bmp,2026-09-11 19:59,2048x1536,Sin Clasificar,unknown
,unknown,unknown
MUESTRA_024.jpg,102.bmp,2026-09-11 19:59,2048x1536,Sin Clasificar,unknown
,unknown,unknown
MUESTRA_025.jpg,029.bmp,2026-09-11 19:59,2048x1536,Sin Clasificar,unknown
,unknown,unknown
MUESTRA_026.jpg,036.bmp,2026-09-11 19:59,2048x1536,Sin Clasificar,unknown
,unknown,unknown
MUESTRA_027.jpg,087.bmp,2026-09-11 19:59,2048x1536,Sin Clasificar,unknown
,unknown,unknown
MUESTRA_028.jpg,052.bmp,2026-09-11 19:59,2048x1536,Sin Clasificar,unknown
,unknown,unknown
MUESTRA_029.jpg,020.bmp,2026-09-11 19:59,2048x1536,Sin Clasificar,unknown
,unknown,unknown
MUESTRA_030.jpg,061.bmp,2026-09-11 19:59,2048x1536,Sin Clasificar,unknown
,unknown,unknown
MUESTRA_031.jpg,091.bmp,2026-09-11 19:59,2048x1536,Sin Clasificar,unknown
,unknown,unknown
MUESTRA_032.jpg,057.bmp,2026-09-11 19:59,2048x1536,Sin Clasificar,unknown
,unknown,unknown
MUESTRA_033.jpg,097.bmp,2026-09-11 19:59,2048x1536,Sin Clasificar,unknown
,unknown,unknown
MUESTRA_034.jpg,013.bmp,2026-09-11 19:59,2048x1536,Sin Clasificar,unknown
,unknown,unknown
MUESTRA_035.jpg,056.bmp,2026-09-11 19:59,2048x1536,Sin Clasificar,unknown
,unknown,unknown
MUESTRA_036.jpg,072.bmp,2026-09-11 19:59,2048x1536,Sin Clasificar,unknown
,unknown,unknown
MUESTRA_037.jpg,064.bmp,2026-09-11 19:59,2048x1536,Sin Clasificar,unknown
,unknown,unknown
MUESTRA_038.jpg,060.bmp,2026-09-11 19:59,2048x1536,Sin Clasificar,unknown
,unknown,unknown
MUESTRA_039.jpg,096.bmp,2026-09-11 19:59,2048x1536,Sin Clasificar,unknown
,unknown,unknown
MUESTRA_040.jpg,093.bmp,2026-09-11 19:59,2048x1536,Sin Clasificar,unknown
,unknown,unknown
MUESTRA_041.jpg,085.bmp,2026-09-11 19:59,2048x1536,Sin Clasificar,unknown
,unknown,unknown
MUESTRA_042.jpg,044.bmp,2026-09-11 19:59,2048x1536,Sin Clasificar,unknown
,unknown,unknown
MUESTRA_043.jpg,082.bmp,2026-09-11 19:59,2048x1536,Sin Clasificar,unknown
,unknown,unknown
MUESTRA_044.jpg,028.bmp,2026-09-11 19:59,2048x1536,Sin Clasificar,unknown
,unknown,unknown
MUESTRA_045.jpg,083.bmp,2026-09-11 19:59,2048x1536,Sin Clasificar,unknown
,unknown,unknown
MUESTRA_046.jpg,088.bmp,2026-09-11 19:59,2048x1536,Sin Clasificar,unknown
,unknown,unknown
MUESTRA_047.jpg,008.bmp,2026-09-11 19:59,2048x1536,Sin Clasificar,unknown
,unknown,unknown
MUESTRA_048.jpg,068.bmp,2026-09-11 19:59,2048x1536,Sin Clasificar,unknown
,unknown,unknown
MUESTRA_049.jpg,092.bmp,2026-09-11 19:59,2048x1536,Sin Clasificar,unknown
,unknown,unknown
MUESTRA_050.jpg,051.bmp,2026-09-11 19:59,2048x1536,Sin Clasificar,unknown
,unknown,unknown
MUESTRA_051.jpg,058.bmp,2026-09-11 19:59,2048x1536,Sin Clasificar,unknown
,unknown,unknown
MUESTRA_052.jpg,047.bmp,2026-09-11 19:59,2048x1536,Sin Clasificar,unknown
,unknown,unknown
MUESTRA_053.jpg,066.bmp,2026-09-11 19:59,2048x1536,Sin Clasificar,unknown
,unknown,unknown
MUESTRA_054.jpg,065.bmp,2026-09-11 19:59,2048x1536,Sin Clasificar,unknown
,unknown,unknown
MUESTRA_055.jpg,039.bmp,2026-09-11 19:59,2048x1536,Sin Clasificar,unknown
,unknown,unknown
MUESTRA_056.jpg,041.bmp,2026-09-11 19:59,2048x1536,Sin Clasificar,unknown
,unknown,unknown
MUESTRA_057.jpg,007.bmp,2026-09-11 19:59,2048x1536,Sin Clasificar,unknown
,unknown,unknown
MUESTRA_058.jpg,018.bmp,2026-09-11 19:59,2048x1536,Sin Clasificar,unknown
,unknown,unknown
MUESTRA_059.jpg,025.bmp,2026-09-11 19:59,2048x1536,Sin Clasificar,unknown
,unknown,unknown
MUESTRA_060.jpg,101.bmp,2026-09-11 19:59,2048x1536,Sin Clasificar,unknown
,unknown,unknown
MUESTRA_061.jpg,027.bmp,2026-09-11 19:59,2048x1536,Sin Clasificar,unknown
,unknown,unknown
MUESTRA_062.jpg,084.bmp,2026-09-11 19:59,2048x1536,Sin Clasificar,unknown
,unknown,unknown
MUESTRA_063.jpg,089.bmp,2026-09-11 19:59,2048x1536,Sin Clasificar,unknown
,unknown,unknown
MUESTRA_064.jpg,073.bmp,2026-09-11 19:59,2048x1536,Sin Clasificar,unknown
,unknown,unknown
MUESTRA_065.jpg,045.bmp,2026-09-11 19:59,2048x1536,Sin Clasificar,unknown
,unknown,unknown
MUESTRA_066.jpg,094.bmp,2026-09-11 19:59,2048x1536,Sin Clasificar,unknown
,unknown,unknown
MUESTRA_067.jpg,054.bmp,2026-09-11 19:59,2048x1536,Sin Clasificar,unknown
,unknown,unknown
MUESTRA_068.jpg,034.bmp,2026-09-11 19:59,2048x1536,Sin Clasificar,unknown
,unknown,unknown
MUESTRA_069.jpg,037.bmp,2026-09-11 19:59,2048x1536,Sin Clasificar,unknown
,unknown,unknown
MUESTRA_070.jpg,022.bmp,2026-09-11 19:59,2048x1536,Sin Clasificar,unknown
,unknown,unknown
MUESTRA_071.jpg,100.bmp,2026-09-11 19:59,2048x1536,Sin Clasificar,unknown
,unknown,unknown
MUESTRA_072.jpg,075.bmp,2026-09-11 19:59,2048x1536,Sin Clasificar,unknown
,unknown,unknown
MUESTRA_073.jpg,059.bmp,2026-09-11 19:59,2048x1536,Sin Clasificar,unknown
,unknown,unknown
MUESTRA_074.jpg,019.bmp,2026-09-11 19:59,2048x1536,Sin Clasificar,unknown
,unknown,unknown
MUESTRA_075.jpg,015.bmp,2026-09-11 19:59,2048x1536,Sin Clasificar,unknown
,unknown,unknown
MUESTRA_076.jpg,043.bmp,2026-09-11 19:59,2048x1536,Sin Clasificar,unknown
,unknown,unknown
MUESTRA_077.jpg,040.bmp,2026-09-11 19:59,2048x1536,Sin Clasificar,unknown
,unknown,unknown
MUESTRA_078.jpg,032.bmp,2026-09-11 19:59,2048x1536,Sin Clasificar,unknown
,unknown,unknown
MUESTRA_079.jpg,014.bmp,2026-09-11 19:59,2048x1536,Sin Clasificar,unknown
,unknown,unknown
MUESTRA_080.jpg,021.bmp,2026-09-11 19:59,2048x1536,Sin Clasificar,unknown
,unknown,unknown
MUESTRA_081.jpg,031.bmp,2026-09-11 19:59,2048x1536,Sin Clasificar,unknown
,unknown,unknown
MUESTRA_082.jpg,033.bmp,2026-09-11 19:59,2048x1536,Sin Clasificar,unknown
,unknown,unknown
MUESTRA_083.jpg,002.bmp,2026-09-11 19:59,2048x1536,Sin Clasificar,unknown
,unknown,unknown
MUESTRA_084.jpg,017.bmp,2026-09-11 19:59,2048x1536,Sin Clasificar,unknown
,unknown,unknown
MUESTRA_085.jpg,048.bmp,2026-09-11 19:59,2048x1536,Sin Clasificar,unknown
,unknown,unknown
MUESTRA_086.jpg,086.bmp,2026-09-11 19:59,2048x1536,Sin Clasificar,unknown
,unknown,unknown
MUESTRA_087.jpg,038.bmp,2026-09-11 19:59,2048x1536,Sin Clasificar,unknown
,unknown,unknown
MUESTRA_088.jpg,055.bmp,2026-09-11 19:59,2048x1536,Sin Clasificar,unknown
,unknown,unknown
MUESTRA_089.jpg,062.bmp,2026-09-11 19:59,2048x1536,Sin Clasificar,unknown
,unknown,unknown
MUESTRA_090.jpg,090.bmp,2026-09-11 19:59,2048x1536,Sin Clasificar,unknown
,unknown,unknown
MUESTRA_091.jpg,023.bmp,2026-09-11 19:59,2048x1536,Sin Clasificar,unknown
,unknown,unknown
MUESTRA_092.jpg,026.bmp,2026-09-11 19:59,2048x1536,Sin Clasificar,unknown
,unknown,unknown
MUESTRA_093.jpg,006.bmp,2026-09-11 19:59,2048x1536,Sin Clasificar,unknown
,unknown,unknown
MUESTRA_094.jpg,030.bmp,2026-09-11 19:59,2048x1536,Sin Clasificar,unknown
,unknown,unknown
MUESTRA_095.jpg,099.bmp,2026-09-11 19:59,2048x1536,Sin Clasificar,unknown
,unknown,unknown
MUESTRA_096.jpg,053.bmp,2026-09-11 19:59,2048x1536,Sin Clasificar,unknown
,unknown,unknown
MUESTRA_097.jpg,071.bmp,2026-09-11 19:59,2048x1536,Sin Clasificar,unknown
,unknown,unknown
MUESTRA_098.jpg,081.bmp,2026-09-11 19:59,2048x1536,Sin Clasificar,unknown
,unknown,unknown
MUESTRA_099.jpg,010.bmp,2026-09-11 19:59,2048x1536,Sin Clasificar,unknown
,unknown,unknown
MUESTRA_100.jpg,079.bmp,2026-09-11 19:59,2048x1536,Sin Clasificar,unknown
,unknown,unknown
MUESTRA_101.jpg,011.bmp,2026-09-11 19:59,2048x1536,Sin Clasificar,unknown
,unknown,unknown
MUESTRA_102.jpg,012.bmp,2026-09-18 10:00,2048x1536,Sin Clasificar,unknown,unknown
MUESTRA_103.jpg,013.bmp,2026-09-18 10:00,2048x1536,Sin Clasificar,unknown,unknown
MUESTRA_104.jpg,014.bmp,2026-09-18 10:00,2048x1536,Sin Clasificar,unknown,unknown
MUESTRA_105.jpg,015.bmp,2026-09-18 10:00,2048x1536,Sin Clasificar,unknown,unknown
MUESTRA_106.jpg,016.bmp,2026-09-18 10:00,2048x1536,Sin Clasificar,unknown,unknown
MUESTRA_107.jpg,017.bmp,2026-09-18 10:00,2048x1536,Sin Clasificar,unknown,unknown
MUESTRA_108.jpg,018.bmp,2026-09-18 10:00,2048x1536,Sin Clasificar,unknown,unknown
MUESTRA_109.jpg,019.bmp,2026-09-18 10:00,2048x1536,Sin Clasificar,unknown,unknown
MUESTRA_110.jpg,020.bmp,2026-09-18 10:00,2048x1536,Sin Clasificar,unknown,unknown
MUESTRA_111.jpg,078.bmp,2026-10-02 15:47,2048x1536,Sin Clasificar,unknown
,unknown,unknown
MUESTRA_112.jpg,063.bmp,2026-10-02 15:47,2048x1536,Sin Clasificar,unknown
,unknown,unknown
MUESTRA_113.jpg,042.bmp,2026-10-02 15:47,2048x1536,Sin Clasificar,unknown
,unknown,unknown
MUESTRA_114.jpg,035.bmp,2026-10-02 15:47,2048x1536,Sin Clasificar,unknown
,unknown,unknown
MUESTRA_115.jpg,046.bmp,2026-10-02 15:47,2048x1536,Sin Clasificar,unknown
,unknown,unknown
MUESTRA_116.jpg,009.bmp,2026-10-02 15:47,2048x1536,Sin Clasificar,unknown
,unknown,unknown
MUESTRA_117.jpg,067.bmp,2026-10-02 15:47,2048x1536,Sin Clasificar,unknown
,unknown,unknown
MUESTRA_118.jpg,050.bmp,2026-10-02 15:47,2048x1536,Sin Clasificar,unknown
,unknown,unknown
MUESTRA_119.jpg,095.bmp,2026-10-02 15:47,2048x1536,Sin Clasificar,unknown
,unknown,unknown
MUESTRA_120.jpg,076.bmp,2026-10-02 15:47,2048x1536,Sin Clasificar,unknown
,unknown,unknown
MUESTRA_121.jpg,005.bmp,2026-10-02 15:47,2048x1536,Sin Clasificar,unknown
,unknown,unknown
MUESTRA_122.jpg,080.bmp,2026-10-02 15:47,2048x1536,Sin Clasificar,unknown
,unknown,unknown
MUESTRA_123.jpg,003.bmp,2026-10-02 15:47,2048x1536,Sin Clasificar,unknown
,unknown,unknown
MUESTRA_124.jpg,069.bmp,2026-10-02 15:47,2048x1536,Sin Clasificar,unknown
,unknown,unknown
MUESTRA_125.jpg,024.bmp,2026-10-02 15:47,2048x1536,Sin Clasificar,unknown
,unknown,unknown
MUESTRA_126.jpg,098.bmp,2026-10-02 15:47,2048x1536,Sin Clasificar,unknown
,unknown,unknown
MUESTRA_127.jpg,077.bmp,2026-10-02 15:47,2048x1536,Sin Clasificar,unknown
,unknown,unknown
MUESTRA_128.jpg,016.bmp,2026-10-02 15:47,2048x1536,Sin Clasificar,unknown
,unknown,unknown
MUESTRA_129.jpg,070.bmp,2026-10-02 15:47,2048x1536,Sin Clasificar,unknown
,unknown,unknown
MUESTRA_130.jpg,004.bmp,2026-10-02 15:47,2048x1536,Sin Clasificar,unknown
,unknown,unknown
MUESTRA_131.jpg,012.bmp,2026-10-02 15:47,2048x1536,Sin Clasificar,unknown
,unknown,unknown
MUESTRA_132.jpg,049.bmp,2026-10-02 15:47,2048x1536,Sin Clasificar,unknown
,unknown,unknown
MUESTRA_133.jpg,074.bmp,2026-10-02 15:47,2048x1536,Sin Clasificar,unknown
,unknown,unknown
MUESTRA_134.jpg,102.bmp,2026-10-02 15:47,2048x1536,Sin Clasificar,unknown
,unknown,unknown
MUESTRA_135.jpg,029.bmp,2026-10-02 15:47,2048x1536,Sin Clasificar,unknown
,unknown,unknown
MUESTRA_136.jpg,036.bmp,2026-10-02 15:47,2048x1536,Sin Clasificar,unknown
,unknown,unknown
MUESTRA_137.jpg,087.bmp,2026-10-02 15:47,2048x1536,Sin Clasificar,unknown
,unknown,unknown
MUESTRA_138.jpg,052.bmp,2026-10-02 15:47,2048x1536,Sin Clasificar,unknown
,unknown,unknown
MUESTRA_139.jpg,020.bmp,2026-10-02 15:47,2048x1536,Sin Clasificar,unknown
,unknown,unknown
MUESTRA_140.jpg,061.bmp,2026-10-02 15:47,2048x1536,Sin Clasificar,unknown
,unknown,unknown
MUESTRA_141.jpg,091.bmp,2026-10-02 15:47,2048x1536,Sin Clasificar,unknown
,unknown,unknown
MUESTRA_142.jpg,057.bmp,2026-10-02 15:47,2048x1536,Sin Clasificar,unknown
,unknown,unknown
MUESTRA_143.jpg,097.bmp,2026-10-02 15:47,2048x1536,Sin Clasificar,unknown
,unknown,unknown
MUESTRA_144.jpg,013.bmp,2026-10-02 15:47,2048x1536,Sin Clasificar,unknown
,unknown,unknown
MUESTRA_145.jpg,056.bmp,2026-10-02 15:47,2048x1536,Sin Clasificar,unknown
,unknown,unknown
MUESTRA_146.jpg,072.bmp,2026-10-02 15:47,2048x1536,Sin Clasificar,unknown
,unknown,unknown
MUESTRA_147.jpg,064.bmp,2026-10-02 15:47,2048x1536,Sin Clasificar,unknown
,unknown,unknown
MUESTRA_148.jpg,060.bmp,2026-10-02 15:47,2048x1536,Sin Clasificar,unknown
,unknown,unknown
MUESTRA_149.jpg,096.bmp,2026-10-02 15:47,2048x1536,Sin Clasificar,unknown
,unknown,unknown
MUESTRA_150.jpg,093.bmp,2026-10-02 15:47,2048x1536,Sin Clasificar,unknown
,unknown,unknown
MUESTRA_151.jpg,085.bmp,2026-10-02 15:47,2048x1536,Sin Clasificar,unknown
,unknown,unknown
MUESTRA_152.jpg,044.bmp,2026-10-02 15:47,2048x1536,Sin Clasificar,unknown
,unknown,unknown
MUESTRA_153.jpg,082.bmp,2026-10-02 15:47,2048x1536,Sin Clasificar,unknown
,unknown,unknown
MUESTRA_154.jpg,028.bmp,2026-10-02 15:47,2048x1536,Sin Clasificar,unknown
,unknown,unknown
MUESTRA_155.jpg,083.bmp,2026-10-02 15:47,2048x1536,Sin Clasificar,unknown
,unknown,unknown
MUESTRA_156.jpg,088.bmp,2026-10-02 15:47,2048x1536,Sin Clasificar,unknown
,unknown,unknown
MUESTRA_157.jpg,008.bmp,2026-10-02 15:47,2048x1536,Sin Clasificar,unknown
,unknown,unknown
MUESTRA_158.jpg,068.bmp,2026-10-02 15:47,2048x1536,Sin Clasificar,unknown
,unknown,unknown
MUESTRA_159.jpg,092.bmp,2026-10-02 15:47,2048x1536,Sin Clasificar,unknown
,unknown,unknown
MUESTRA_160.jpg,051.bmp,2026-10-02 15:47,2048x1536,Sin Clasificar,unknown
,unknown,unknown
MUESTRA_161.jpg,058.bmp,2026-10-02 15:47,2048x1536,Sin Clasificar,unknown
,unknown,unknown
MUESTRA_162.jpg,047.bmp,2026-10-02 15:47,2048x1536,Sin Clasificar,unknown
,unknown,unknown
MUESTRA_163.jpg,066.bmp,2026-10-02 15:47,2048x1536,Sin Clasificar,unknown
,unknown,unknown
MUESTRA_164.jpg,065.bmp,2026-10-02 15:47,2048x1536,Sin Clasificar,unknown
,unknown,unknown
MUESTRA_165.jpg,039.bmp,2026-10-02 15:47,2048x1536,Sin Clasificar,unknown
,unknown,unknown
MUESTRA_166.jpg,041.bmp,2026-10-02 15:47,2048x1536,Sin Clasificar,unknown
,unknown,unknown
MUESTRA_167.jpg,007.bmp,2026-10-02 15:47,2048x1536,Sin Clasificar,unknown
,unknown,unknown
MUESTRA_168.jpg,018.bmp,2026-10-02 15:47,2048x1536,Sin Clasificar,unknown
,unknown,unknown
MUESTRA_169.jpg,025.bmp,2026-10-02 15:47,2048x1536,Sin Clasificar,unknown
,unknown,unknown
MUESTRA_170.jpg,101.bmp,2026-10-02 15:47,2048x1536,Sin Clasificar,unknown
,unknown,unknown
MUESTRA_171.jpg,027.bmp,2026-10-02 15:47,2048x1536,Sin Clasificar,unknown
,unknown,unknown
MUESTRA_172.jpg,084.bmp,2026-10-02 15:47,2048x1536,Sin Clasificar,unknown
,unknown,unknown
MUESTRA_173.jpg,089.bmp,2026-10-02 15:47,2048x1536,Sin Clasificar,unknown
,unknown,unknown
MUESTRA_174.jpg,073.bmp,2026-10-02 15:47,2048x1536,Sin Clasificar,unknown
,unknown,unknown
MUESTRA_175.jpg,045.bmp,2026-10-02 15:47,2048x1536,Sin Clasificar,unknown
,unknown,unknown
MUESTRA_176.jpg,094.bmp,2026-10-02 15:47,2048x1536,Sin Clasificar,unknown
,unknown,unknown
MUESTRA_177.jpg,054.bmp,2026-10-02 15:47,2048x1536,Sin Clasificar,unknown
,unknown,unknown
MUESTRA_178.jpg,034.bmp,2026-10-02 15:47,2048x1536,Sin Clasificar,unknown
,unknown,unknown
MUESTRA_179.jpg,037.bmp,2026-10-02 15:47,2048x1536,Sin Clasificar,unknown
,unknown,unknown
MUESTRA_180.jpg,022.bmp,2026-10-02 15:47,2048x1536,Sin Clasificar,unknown
,unknown,unknown
MUESTRA_181.jpg,100.bmp,2026-10-02 15:47,2048x1536,Sin Clasificar,unknown
,unknown,unknown
MUESTRA_182.jpg,075.bmp,2026-10-02 15:47,2048x1536,Sin Clasificar,unknown
,unknown,unknown
MUESTRA_183.jpg,059.bmp,2026-10-02 15:47,2048x1536,Sin Clasificar,unknown
,unknown,unknown
MUESTRA_184.jpg,019.bmp,2026-10-02 15:47,2048x1536,Sin Clasificar,unknown
,unknown,unknown
MUESTRA_185.jpg,015.bmp,2026-10-02 15:47,2048x1536,Sin Clasificar,unknown
,unknown,unknown
MUESTRA_186.jpg,043.bmp,2026-10-02 15:47,2048x1536,Sin Clasificar,unknown
,unknown,unknown
MUESTRA_187.jpg,040.bmp,2026-10-02 15:47,2048x1536,Sin Clasificar,unknown
,unknown,unknown
MUESTRA_188.jpg,032.bmp,2026-10-02 15:47,2048x1536,Sin Clasificar,unknown
,unknown,unknown
MUESTRA_189.jpg,014.bmp,2026-10-02 15:47,2048x1536,Sin Clasificar,unknown
,unknown,unknown
MUESTRA_190.jpg,021.bmp,2026-10-02 15:47,2048x1536,Sin Clasificar,unknown
,unknown,unknown
MUESTRA_191.jpg,031.bmp,2026-10-02 15:47,2048x1536,Sin Clasificar,unknown
,unknown,unknown
MUESTRA_192.jpg,033.bmp,2026-10-02 15:47,2048x1536,Sin Clasificar,unknown
,unknown,unknown
MUESTRA_193.jpg,002.bmp,2026-10-02 15:47,2048x1536,Sin Clasificar,unknown
,unknown,unknown
MUESTRA_194.jpg,017.bmp,2026-10-02 15:48,2048x1536,Sin Clasificar,unknown
,unknown,unknown
MUESTRA_195.jpg,048.bmp,2026-10-02 15:48,2048x1536,Sin Clasificar,unknown
,unknown,unknown
MUESTRA_196.jpg,086.bmp,2026-10-02 15:48,2048x1536,Sin Clasificar,unknown
,unknown,unknown
MUESTRA_197.jpg,038.bmp,2026-10-02 15:48,2048x1536,Sin Clasificar,unknown
,unknown,unknown
MUESTRA_198.jpg,055.bmp,2026-10-02 15:48,2048x1536,Sin Clasificar,unknown
,unknown,unknown
MUESTRA_199.jpg,062.bmp,2026-10-02 15:48,2048x1536,Sin Clasificar,unknown
,unknown,unknown
MUESTRA_200.jpg,090.bmp,2026-10-02 15:48,2048x1536,Sin Clasificar,unknown
,unknown,unknown
MUESTRA_201.jpg,023.bmp,2026-10-02 15:48,2048x1536,Sin Clasificar,unknown
,unknown,unknown
MUESTRA_202.jpg,026.bmp,2026-10-02 15:48,2048x1536,Sin Clasificar,unknown
,unknown,unknown
MUESTRA_203.jpg,006.bmp,2026-10-02 15:48,2048x1536,Sin Clasificar,unknown
,unknown,unknown
MUESTRA_204.jpg,030.bmp,2026-10-02 15:48,2048x1536,Sin Clasificar,unknown
,unknown,unknown
MUESTRA_205.jpg,099.bmp,2026-10-02 15:48,2048x1536,Sin Clasificar,unknown
,unknown,unknown
MUESTRA_206.jpg,053.bmp,2026-10-02 15:48,2048x1536,Sin Clasificar,unknown
,unknown,unknown
MUESTRA_207.jpg,071.bmp,2026-10-02 15:48,2048x1536,Sin Clasificar,unknown
,unknown,unknown
MUESTRA_208.jpg,081.bmp,2026-10-02 15:48,2048x1536,Sin Clasificar,unknown
,unknown,unknown
MUESTRA_209.jpg,010.bmp,2026-10-02 15:48,2048x1536,Sin Clasificar,unknown
,unknown,unknown
MUESTRA_210.jpg,079.bmp,2026-10-02 15:48,2048x1536,Sin Clasificar,unknown
,unknown,unknown
MUESTRA_211.jpg,011.bmp,2026-10-02 15:48,2048x1536,Sin Clasificar,unknown
,unknown,unknown
