Issue Type,Summary,Description,Priority,Labels,Epic Name,External reference
Task,"Definir alcance clínico y requisitos","Proyecto: CitoCounter-Proto. Definir usuarios, entradas, salidas, leyenda de no diagnóstico y límites de uso. Dependencia: ninguna. Evidencia: documento aprobado por CIS y responsable clínico. Repositorio: https://github.com/zowy4/CitoCounter-Proto/tree/main","Highest","cito-counter, gobierno, requisitos","E1 Gobierno, ética y requisitos","J-01"
Task,"Definir privacidad, anonimización, retención y accesos","Inventariar imágenes, metadatos y resultados. Definir anonimización, retención, eliminación, roles y auditoría conforme a LFPDPPP y políticas CIS. Dependencia: J-01. Evidencia: matriz y procedimiento aprobados. Repositorio: https://github.com/zowy4/CitoCounter-Proto/tree/main","Highest","cito-counter, privacidad, datos","E1 Gobierno, ética y requisitos","J-02"
Task,"Completar dataset y particiones train val test","Integrar datos autorizados o sintéticos, IDs, etiquetas y trazabilidad. Separar calibración y prueba. Dependencia: J-02. Evidencia: dataset validado sin datos identificables. Repositorio: https://github.com/zowy4/CitoCounter-Proto/tree/main","Highest","cito-counter, dataset, ground-truth","E2 Dataset y ground truth","J-03"
Task,"Definir protocolo de anotación y doble revisión experta","Establecer clases, instrucciones, resolución de discrepancias y concordancia entre anotadores. Dependencia: J-03. Evidencia: guía y muestra de concordancia. Repositorio: https://github.com/zowy4/CitoCounter-Proto/tree/main","High","cito-counter, anotaciones, validación","E2 Dataset y ground truth","J-04"
Task,"Corregir validador de consistencia del dataset","Hacer fallar la validación ante splits vacíos, archivos huérfanos, etiquetas inválidas o CSV sin imagen. Dependencia: J-03. Evidencia: pruebas positivas y negativas. Repositorio: https://github.com/zowy4/CitoCounter-Proto/tree/main","High","cito-counter, calidad, dataset","E2 Dataset y ground truth","J-05"
Task,"Corregir manejo numérico y probar filtro DoG","Evaluar diferencias positivas y negativas usando representación numérica adecuada, agregar regresiones y documentar el resultado visual. Dependencia: ninguna. Evidencia: pruebas y comparativa. Repositorio: https://github.com/zowy4/CitoCounter-Proto/tree/main","Highest","cito-counter, dog, algoritmo","E3 Pipeline DoG y calibración","J-06"
Task,"Calibrar parámetros DoG y regla de clasificación","Calibrar sigma, umbral, áreas mínima/máxima y regla 3x con conjunto separado. Dependencias: J-03, J-04, J-06. Evidencia: bitácora, tabla de parámetros y reporte. Repositorio: https://github.com/zowy4/CitoCounter-Proto/tree/main","Highest","cito-counter, calibración, dog","E3 Pipeline DoG y calibración","J-07"
Task,"Implementar métricas precisión sensibilidad F1 e IoU","Crear cálculo reproducible de métricas de detección y segmentación con casos unitarios y reporte por conjunto. Dependencias: J-03, J-04. Evidencia: script, pruebas y gráficas. Repositorio: https://github.com/zowy4/CitoCounter-Proto/tree/main","Highest","cito-counter, métricas, evaluación","E4 Validación científica y comparación","J-08"
Task,"Comparar DoG contra Otsu y línea base","Ejecutar comparación con protocolo fijo y conjunto de prueba congelado. Dependencias: J-07, J-08. Evidencia: tablas, gráficas y análisis de errores. Repositorio: https://github.com/zowy4/CitoCounter-Proto/tree/main","High","cito-counter, baseline, otsu","E4 Validación científica y comparación","J-09"
Task,"Definir reglas explicables normal y sospechosa","Documentar variables, umbrales, casos frontera, limitaciones y mensaje de revisión experta. Dependencia: J-07. Evidencia: documento de reglas y casos de prueba. Repositorio: https://github.com/zowy4/CitoCounter-Proto/tree/main","High","cito-counter, reglas, explicabilidad","E5 Reglas explicables y clasificación","J-10"
Task,"Desarrollar API REST versionada","Extraer el pipeline a endpoints para carga y análisis de imágenes, con esquemas de entrada y salida. Dependencia: J-07. Evidencia: documentación, pruebas y ejemplo de uso. Repositorio: https://github.com/zowy4/CitoCounter-Proto/tree/main","High","cito-counter, api, backend","E6 API REST y seguridad","J-11"
Task,"Aplicar controles de seguridad a API y cargas","Validar extensión, tamaño y contenido; controlar acceso, errores, temporales, logs y eliminación. Dependencias: J-11, J-02. Evidencia: checklist OWASP y pruebas de abuso. Repositorio: https://github.com/zowy4/CitoCounter-Proto/tree/main","Highest","cito-counter, seguridad, owasp","E6 API REST y seguridad","J-12"
Task,"Mejorar interfaz de resultados y advertencias","Mostrar parámetros, resultados, incertidumbre, advertencia de no diagnóstico, exportación y estados de error. Dependencias: J-10, J-11. Evidencia: prototipo, capturas y manual. Repositorio: https://github.com/zowy4/CitoCounter-Proto/tree/main","Medium","cito-counter, interfaz, streamlit","E7 Interfaz y experiencia de usuario","J-13"
Task,"Diseñar almacenamiento de resultados","Definir esquema de resultados, claves, versionado de modelo y dataset, fechas, parámetros y trazabilidad. Dependencias: J-08, J-11. Evidencia: esquema y documentación técnica. Repositorio: https://github.com/zowy4/CitoCounter-Proto/tree/main","Medium","cito-counter, almacenamiento, datos","E8 Dashboard, ETL y almacenamiento analítico","J-14"
Task,"Construir ETL y dashboard de indicadores","Procesar resultados y mostrar células detectadas, sospechosas, porcentaje de riesgo, métricas y comparaciones por muestra. Dependencia: J-14. Evidencia: flujo ETL, dashboard y reportes. Repositorio: https://github.com/zowy4/CitoCounter-Proto/tree/main","Medium","cito-counter, etl, dashboard, bi","E8 Dashboard, ETL y almacenamiento analítico","J-15"
Task,"Medir rendimiento y reducción de tiempo","Definir muestra, protocolo manual, tiempo de procesamiento y comparación reproducible. Dependencias: J-11, J-13. Evidencia: informe de rendimiento y objetivo de 70% evaluado. Repositorio: https://github.com/zowy4/CitoCounter-Proto/tree/main","High","cito-counter, rendimiento, validación","E9 Verificación, documentación y entrega","J-16"
Task,"Auditar reproducibilidad y preparar entrega","Revisar código, dataset autorizado, parámetros, documentación, manual, API, bitácoras y acta de aceptación. Dependencia: todas las anteriores. Evidencia: paquete final y revisión CIS. Repositorio: https://github.com/zowy4/CitoCounter-Proto/tree/main","Highest","cito-counter, entrega, documentación","E9 Verificación, documentación y entrega","J-17"